ID,SiteFK,UserFK,ObservationMethod
1,2,25,Visual
646,68,1170,Visual
3,2,26,Visual
645,68,1176,Visual
5,2,20,Visual
644,68,1123,Visual
643,68,1139,Visual
642,68,1173,Visual
641,68,1172,Visual
640,68,1163,Visual
639,68,1125,Visual
638,68,1124,Visual
637,68,1178,Visual
636,68,1117,Visual
635,68,1115,Visual
634,68,1140,Visual
633,68,1116,Visual
632,68,1146,Visual
631,68,1141,Visual
630,68,1179,Visual
629,68,1162,"Beat sheet"
628,68,1152,Visual
627,68,1032,Visual
626,68,1145,Visual
625,68,1133,Visual
624,68,1126,Visual
623,68,1035,Visual
622,68,1161,Visual
621,68,1151,Visual
620,68,1171,Visual
619,68,1128,Visual
618,68,1122,Visual
617,68,1153,Visual
616,68,1156,Visual
615,68,1034,Visual
614,68,1121,Visual
613,68,1158,Visual
612,68,1118,Visual
611,68,1138,Visual
610,68,1127,Visual
609,68,1160,Visual
608,68,1155,Visual
607,68,1150,Visual
606,68,1148,Visual
605,68,1169,Visual
604,68,1143,Visual
603,68,1135,Visual
602,68,1083,Visual
601,68,1061,Visual
600,68,1070,Visual
599,68,1092,Visual
598,68,1093,Visual
597,68,1103,Visual
596,68,1104,Visual
595,68,1071,Visual
594,68,1089,Visual
593,68,1040,Visual
592,68,1087,Visual
591,68,1113,Visual
590,68,1105,Visual
589,68,1091,Visual
588,68,1108,Visual
587,68,1050,Visual
586,68,1063,Visual
585,68,1059,Visual
584,68,1107,Visual
583,68,1039,Visual
582,68,1106,Visual
581,68,1084,Visual
580,68,1042,Visual
650,68,1185,Visual
579,68,1069,Visual
578,68,1065,Visual
577,68,1049,Visual
576,68,1058,Visual
575,68,1100,Visual
574,68,1109,Visual
573,68,1101,Visual
572,68,1037,Visual
571,68,1073,Visual
570,68,1048,Visual
569,68,1067,Visual
568,68,1080,Visual
567,68,1088,Visual
566,68,1066,Visual
565,68,1085,Visual
564,68,1038,Visual
563,68,1057,Visual
562,68,1060,Visual
561,68,1072,Visual
560,68,1078,Visual
559,68,1062,Visual
558,66,843,Visual
557,51,58,Visual
556,100,864,"Beat sheet"
555,55,25,"Beat sheet"
554,51,57,Visual
553,66,930,Visual
552,66,936,Visual
551,89,475,"Beat sheet"
105,73,467,"Beat sheet"
106,66,508,Visual
107,66,511,Visual
108,66,507,Visual
109,68,221,"Beat sheet"
110,68,609,"Beat sheet"
111,68,492,Visual
112,68,515,Visual
113,68,525,Visual
114,68,551,Visual
115,68,490,Visual
116,68,602,Visual
117,68,527,Visual
118,68,592,Visual
119,68,542,Visual
120,68,613,Visual
121,68,570,Visual
122,68,521,Visual
123,68,518,Visual
124,68,568,Visual
125,68,575,Visual
126,68,544,Visual
127,68,567,Visual
128,68,526,Visual
129,68,547,Visual
130,68,554,Visual
131,68,516,Visual
132,68,611,Visual
133,68,524,Visual
134,68,590,Visual
135,68,585,Visual
136,68,603,Visual
137,68,540,Visual
138,68,564,"Beat sheet"
139,68,646,Visual
140,68,626,Visual
141,68,640,Visual
142,68,644,Visual
143,68,645,Visual
144,68,637,Visual
145,68,668,Visual
146,68,625,Visual
147,68,624,Visual
148,68,623,Visual
149,68,659,Visual
150,68,630,Visual
151,68,663,Visual
152,68,652,Visual
153,68,660,Visual
154,68,639,Visual
155,68,664,Visual
156,68,669,Visual
157,68,631,Visual
158,68,622,Visual
159,68,658,Visual
160,68,632,Visual
161,68,653,Visual
162,60,407,Visual
163,60,358,Visual
164,60,680,Visual
165,60,677,Visual
166,60,681,Visual
167,60,690,Visual
168,60,225,Visual
169,60,356,Visual
170,60,389,Visual
171,60,415,Visual
172,60,478,Visual
173,60,694,Visual
174,60,189,Visual
175,60,697,Visual
176,60,693,Visual
177,60,222,Visual
178,60,691,Visual
179,60,413,Visual
180,60,683,Visual
181,60,230,Visual
182,60,146,Visual
183,60,155,Visual
184,60,262,Visual
185,60,283,Visual
186,60,700,Visual
187,60,336,Visual
188,60,250,Visual
189,60,364,"Beat sheet"
190,60,701,Visual
191,60,109,Visual
192,60,213,Visual
193,60,116,Visual
194,60,703,Visual
195,60,307,Visual
196,60,111,Visual
197,60,455,Visual
198,60,702,Visual
199,60,377,Visual
200,60,170,Visual
201,60,374,Visual
202,60,689,Visual
203,60,248,Visual
204,60,122,Visual
205,60,441,Visual
206,60,512,Visual
207,60,706,Visual
208,60,161,Visual
209,60,163,Visual
210,60,476,Visual
211,60,158,Visual
212,60,151,Visual
213,60,340,Visual
214,60,710,Visual
215,60,713,Visual
216,60,173,Visual
217,60,678,Visual
218,60,712,Visual
219,60,704,Visual
220,60,714,Visual
221,60,187,Visual
222,60,721,Visual
223,60,334,Visual
224,60,718,Visual
225,60,388,Visual
226,60,199,Visual
227,60,130,Visual
228,60,234,Visual
229,60,107,Visual
230,60,715,Visual
231,60,437,Visual
232,60,438,Visual
233,60,236,Visual
234,60,238,Visual
235,60,271,Visual
236,60,724,Visual
237,60,421,Visual
238,60,194,Visual
239,60,432,Visual
240,60,366,Visual
241,60,220,Visual
242,60,110,Visual
243,60,423,Visual
244,60,206,Visual
245,60,299,Visual
246,60,725,Visual
247,60,184,Visual
248,60,684,Visual
249,60,728,Visual
250,60,216,Visual
251,60,129,Visual
252,60,279,Visual
253,60,726,Visual
254,60,339,Visual
255,60,192,Visual
256,60,260,Visual
257,60,729,Visual
258,60,350,Visual
259,60,727,"Beat sheet"
260,60,731,"Beat sheet"
261,60,711,Visual
262,60,730,Visual
263,60,195,Visual
264,60,505,Visual
265,60,166,Visual
266,60,434,Visual
267,60,310,Visual
268,60,717,Visual
269,60,406,Visual
270,60,331,Visual
271,60,417,Visual
272,55,66,Visual
274,60,291,Visual
273,60,720,Visual
275,60,738,Visual
276,60,736,Visual
277,60,342,Visual
278,60,147,Visual
279,60,674,Visual
280,60,204,Visual
281,60,94,Visual
282,60,312,Visual
283,60,322,Visual
284,60,240,Visual
285,60,744,"Beat sheet"
286,60,143,Visual
287,60,742,Visual
288,60,743,Visual
289,60,137,Visual
290,60,335,Visual
291,60,91,Visual
292,73,79,"Beat sheet"
293,60,306,Visual
294,60,153,Visual
295,60,673,Visual
296,60,233,Visual
297,60,281,Visual
298,60,256,Visual
299,60,748,Visual
300,60,175,Visual
301,60,142,Visual
302,60,113,Visual
303,60,95,Visual
304,60,133,Visual
305,60,381,Visual
306,60,188,Visual
307,60,747,Visual
308,60,228,Visual
309,60,750,Visual
310,60,439,Visual
311,60,270,Visual
312,60,755,Visual
313,60,754,Visual
314,60,249,Visual
315,60,379,Visual
316,60,169,Visual
317,60,756,"Beat sheet"
318,60,344,Visual
319,60,347,Visual
320,60,484,Visual
321,60,759,"Beat sheet"
322,60,758,Visual
323,60,96,Visual
324,60,371,Visual
325,60,273,"Beat sheet"
326,60,237,Visual
327,60,324,Visual
328,60,433,Visual
329,60,376,Visual
330,60,212,Visual
331,60,480,Visual
332,60,765,"Beat sheet"
333,60,685,Visual
334,60,764,Visual
335,60,93,Visual
336,60,120,Visual
337,60,741,Visual
338,60,267,Visual
339,60,227,Visual
340,60,682,Visual
341,60,416,Visual
342,60,386,Visual
343,60,398,Visual
344,60,232,Visual
345,60,359,Visual
346,60,105,Visual
347,60,716,Visual
348,60,401,Visual
349,60,246,Visual
350,60,768,Visual
351,60,268,Visual
352,60,737,Visual
353,60,277,Visual
354,60,300,Visual
355,60,767,Visual
356,60,769,Visual
357,60,390,Visual
358,60,145,Visual
359,60,293,Visual
360,60,217,Visual
361,60,100,Visual
362,60,362,Visual
363,60,513,Visual
364,60,302,Visual
365,60,351,Visual
366,60,103,Visual
367,60,343,Visual
368,60,775,Visual
369,60,411,Visual
370,60,771,Visual
371,60,88,Visual
372,60,751,Visual
373,60,776,Visual
374,60,370,Visual
375,60,418,Visual
376,60,405,Visual
377,60,777,Visual
378,60,125,Visual
379,60,177,Visual
380,60,472,Visual
381,60,354,Visual
382,60,241,Visual
383,60,761,Visual
384,60,391,Visual
385,60,780,Visual
386,60,397,Visual
387,60,782,Visual
388,60,172,Visual
389,60,783,Visual
390,60,278,Visual
391,60,264,Visual
392,60,784,Visual
393,60,252,Visual
394,60,462,Visual
395,60,253,Visual
396,60,781,Visual
397,60,449,Visual
398,60,361,Visual
399,60,785,Visual
400,60,786,Visual
401,60,314,Visual
402,60,328,Visual
403,60,313,Visual
404,60,128,Visual
405,60,789,Visual
406,60,183,Visual
407,60,333,Visual
408,60,269,Visual
409,60,443,Visual
410,60,210,Visual
411,60,165,Visual
412,60,409,Visual
413,60,795,Visual
414,60,242,Visual
415,60,330,Visual
416,60,791,Visual
417,60,266,Visual
418,60,792,Visual
419,60,247,Visual
420,60,798,Visual
421,60,259,Visual
422,60,797,Visual
423,60,504,Visual
424,60,424,Visual
425,60,794,Visual
426,60,466,Visual
427,60,309,Visual
428,60,179,Visual
429,60,799,Visual
430,60,801,Visual
431,60,98,Visual
432,60,802,Visual
433,60,185,Visual
434,60,779,Visual
435,60,196,Visual
436,60,803,Visual
437,60,134,Visual
438,60,804,Visual
439,60,123,Visual
440,60,805,Visual
441,60,806,Visual
442,60,451,Visual
443,60,809,Visual
444,60,812,Visual
445,60,427,Visual
446,60,425,Visual
447,68,514,Visual
448,73,475,"Beat sheet"
449,73,477,"Beat sheet"
450,76,461,"Beat sheet"
451,68,670,"Beat sheet"
452,60,284,Visual
453,78,37,"Beat sheet"
454,78,85,"Beat sheet"
455,78,833,"Beat sheet"
456,78,26,"Beat sheet"
469,78,819,"Beat sheet"
472,67,830,"Beat sheet"
457,95,144,Visual
458,2,839,"Beat sheet"
459,67,839,"Beat sheet"
460,67,790,"Beat sheet"
461,67,26,"Beat sheet"
462,2,840,Visual
463,77,85,"Beat sheet"
465,77,821,"Beat sheet"
464,77,820,"Beat sheet"
494,57,68,Visual
466,77,37,"Beat sheet"
467,77,819,"Beat sheet"
544,66,927,Visual
468,78,820,Visual
498,97,882,"Beat sheet"
489,56,862,Visual
470,78,821,"Beat sheet"
471,90,816,"Beat sheet"
481,2,857,"Beat sheet"
473,56,67,Visual
474,60,820,"Beat sheet"
491,60,26,"Beat sheet"
475,60,821,"Beat sheet"
476,60,819,Visual
492,56,834,Visual
493,97,838,"Beat sheet"
477,66,501,Visual
478,89,848,"Beat sheet"
479,89,846,"Beat sheet"
480,56,850,Visual
506,96,896,Visual
482,2,858,"Beat sheet"
483,2,499,"Beat sheet"
484,2,855,"Beat sheet"
485,2,856,"Beat sheet"
486,2,844,"Beat sheet"
487,54,824,Visual
488,77,26,"Beat sheet"
490,56,863,Visual
907,60,1520,Visual
495,56,868,Visual
496,2,854,"Beat sheet"
497,93,832,Visual
533,63,86,"Beat sheet"
499,2,878,"Beat sheet"
500,2,879,"Beat sheet"
501,2,874,Visual
502,2,877,Visual
519,95,861,Visual
503,2,886,Visual
504,2,818,Visual
505,97,883,"Beat sheet"
523,104,908,"Beat sheet"
507,96,902,Visual
508,96,894,Visual
509,96,899,Visual
510,96,898,Visual
511,96,852,Visual
512,96,897,Visual
513,96,893,Visual
514,96,890,Visual
515,96,901,Visual
516,96,903,Visual
517,96,895,Visual
518,101,869,"Beat sheet"
542,104,892,"Beat sheet"
536,101,914,"Beat sheet"
520,96,851,Visual
521,99,81,"Beat sheet"
522,106,870,"Beat sheet"
534,101,866,"Beat sheet"
524,76,867,"Beat sheet"
525,105,896,Visual
526,105,899,Visual
527,105,894,Visual
528,104,905,"Beat sheet"
529,104,904,"Beat sheet"
530,104,906,"Beat sheet"
531,90,909,"Beat sheet"
532,68,910,Visual
535,76,887,"Beat sheet"
1158,162,2126,Visual
540,89,920,Visual
537,101,918,"Beat sheet"
538,101,915,"Beat sheet"
539,101,916,"Beat sheet"
541,105,903,Visual
1166,78,2158,"Beat sheet"
550,66,620,Visual
543,50,56,Visual
545,66,925,Visual
546,66,64,Visual
547,101,917,"Beat sheet"
548,59,74,"Beat sheet"
1157,162,1309,Visual
549,66,921,Visual
647,68,1177,Visual
648,68,1149,Visual
649,107,864,"Beat sheet"
651,68,1186,Visual
652,68,1187,Visual
653,52,57,Visual
654,68,1189,Visual
655,68,1180,"Beat sheet"
656,68,1190,Visual
657,68,1134,Visual
658,68,1096,Visual
659,68,1111,Visual
660,2,1198,"Beat sheet"
661,2,1195,Visual
662,68,1132,Visual
663,68,1129,Visual
664,68,1137,Visual
665,2,1214,"Beat sheet"
666,2,1205,Visual
667,2,63,Visual
668,2,1215,"Beat sheet"
669,71,414,Visual
670,72,414,Visual
671,70,414,Visual
673,2,1263,Visual
674,52,25,Visual
675,40,40,"Beat sheet"
676,2,1281,"Beat sheet"
677,89,1336,"Beat sheet"
678,2,1350,Visual
679,2,1384,Visual
680,2,1434,Visual
681,2,1419,Visual
682,2,1401,Visual
683,2,1400,Visual
684,2,1477,Visual
685,2,1415,Visual
686,2,1357,Visual
687,2,1421,Visual
688,2,1376,Visual
689,2,1405,Visual
690,2,1378,Visual
691,2,1385,Visual
692,2,1391,Visual
693,2,1422,Visual
694,2,819,Visual
695,2,1459,Visual
696,2,1491,Visual
697,2,1454,Visual
698,2,1532,Visual
699,2,1363,Visual
700,2,1407,Visual
701,2,1446,Visual
702,2,1503,Visual
703,2,1443,Visual
704,2,1466,Visual
705,2,1497,Visual
706,2,1433,Visual
707,2,1356,Visual
708,2,1500,Visual
709,158,1281,"Beat sheet"
710,158,1675,"Beat sheet"
711,67,80,"Beat sheet"
712,68,1727,Visual
713,68,1757,Visual
714,60,1781,Visual
715,60,1782,Visual
716,60,1785,Visual
717,60,1645,Visual
718,60,1659,Visual
719,60,1339,Visual
720,60,1791,Visual
721,60,1630,Visual
722,60,1378,Visual
723,60,1386,Visual
724,60,1493,Visual
725,60,1617,Visual
726,2,1395,Visual
727,60,1670,Visual
728,60,1794,Visual
729,60,1790,Visual
730,60,1795,Visual
731,60,1540,Visual
732,60,1490,Visual
733,60,1396,Visual
734,60,1547,Visual
735,60,1368,Visual
736,60,1629,Visual
737,60,1641,Visual
738,60,1316,Visual
739,60,1797,Visual
740,60,1643,"Beat sheet"
741,60,1798,Visual
742,60,1799,Visual
743,60,1352,Visual
744,60,1805,Visual
745,60,1457,Visual
746,60,1806,Visual
747,60,1627,Visual
748,60,1808,Visual
749,60,1634,Visual
750,60,1582,Visual
751,60,1601,Visual
752,60,1807,Visual
753,60,1809,Visual
754,60,1813,Visual
755,60,1812,Visual
756,60,1374,Visual
757,60,1657,Visual
758,60,1814,Visual
759,60,1541,Visual
760,60,1823,Visual
761,60,1598,Visual
762,60,1824,Visual
763,60,1825,Visual
764,60,1575,Visual
765,60,1827,Visual
766,60,1831,Visual
767,60,1646,Visual
768,60,1647,Visual
769,60,1834,Visual
770,60,1833,Visual
771,60,1841,Visual
772,60,1829,Visual
773,60,1838,Visual
774,60,1839,Visual
775,60,1843,Visual
776,60,1353,Visual
777,60,1842,Visual
778,60,1844,Visual
779,60,1847,Visual
780,60,1427,Visual
781,60,1845,Visual
782,60,1851,Visual
783,60,1410,"Beat sheet"
784,60,1357,Visual
785,60,1458,Visual
786,60,1854,Visual
787,60,1855,Visual
788,60,1460,Visual
789,60,1602,Visual
790,60,1804,Visual
791,60,1857,Visual
792,60,1859,Visual
793,60,1860,Visual
794,60,1850,Visual
795,60,1861,Visual
796,60,1858,Visual
797,60,1621,Visual
798,60,1667,Visual
799,60,1863,Visual
800,60,1514,Visual
801,60,1404,Visual
802,60,1856,Visual
803,60,1519,Visual
804,60,1620,Visual
805,60,1862,Visual
806,60,1774,Visual
807,60,1426,Visual
808,60,1608,Visual
809,60,1420,"Beat sheet"
810,60,1448,Visual
811,60,1405,Visual
812,60,1499,Visual
813,60,1467,Visual
814,60,1417,Visual
815,60,1848,Visual
816,60,1561,Visual
817,60,1866,Visual
818,60,1552,Visual
819,60,1530,Visual
820,60,1360,Visual
821,60,1505,Visual
822,60,1370,"Beat sheet"
823,60,1533,Visual
824,60,1465,Visual
825,60,1495,Visual
826,60,1871,Visual
827,60,1638,Visual
828,60,1639,Visual
829,60,1529,Visual
830,60,1636,Visual
831,60,1626,Visual
832,60,1483,Visual
833,60,1640,Visual
834,60,1635,Visual
835,60,1852,Visual
836,60,1631,Visual
837,60,1875,Visual
838,60,1401,Visual
839,60,1464,Visual
840,60,1837,Visual
841,60,1556,Visual
842,60,1361,Visual
843,60,1406,Visual
844,60,1868,Visual
845,60,1588,Visual
846,60,1589,Visual
847,60,1591,Visual
848,60,1597,Visual
849,60,1867,Visual
850,60,1664,Visual
851,60,1874,"Beat sheet"
852,60,1655,Visual
853,60,1576,Visual
854,60,1878,Visual
855,60,1580,Visual
856,60,1521,Visual
857,60,1545,Visual
858,60,1407,Visual
859,60,1624,Visual
860,60,1354,Visual
861,60,1382,Visual
862,60,1879,Visual
863,60,1886,Visual
864,60,1817,Visual
865,60,1560,Visual
866,60,1476,Visual
867,60,1413,Visual
868,60,1550,Visual
869,60,1451,Visual
870,60,1402,Visual
871,60,1882,Visual
872,60,1880,"Beat sheet"
873,60,1881,Visual
874,60,1369,Visual
875,60,1826,Visual
876,60,1475,Visual
877,60,1503,Visual
878,60,1385,Visual
879,60,1876,Visual
880,60,1400,Visual
881,60,1470,Visual
882,60,1414,Visual
883,60,1421,Visual
884,60,1654,Visual
885,60,1887,Visual
886,60,1390,Visual
887,60,1431,Visual
888,60,1366,Visual
889,60,1509,Visual
890,60,1656,Visual
891,60,1418,Visual
892,60,1889,Visual
893,60,1846,Visual
894,60,1865,Visual
895,60,1898,Visual
896,60,1578,"Beat sheet"
897,60,1590,Visual
898,60,1628,Visual
899,68,1739,"Beat sheet"
900,68,1906,"Beat sheet"
901,68,1721,"Beat sheet"
902,68,1912,"Beat sheet"
903,68,1725,"Beat sheet"
904,68,1741,Visual
905,68,1910,"Beat sheet"
906,68,1746,Visual
908,68,1905,Visual
909,60,1428,Visual
910,60,1373,Visual
911,68,1904,"Beat sheet"
912,60,1455,Visual
913,60,1526,Visual
914,68,1712,Visual
915,60,1911,Visual
916,68,1718,"Beat sheet"
917,68,1732,"Beat sheet"
918,68,1723,"Beat sheet"
919,68,1733,"Beat sheet"
920,68,1763,Visual
921,68,1716,"Beat sheet"
922,68,1711,Visual
923,68,1751,Visual
924,68,1913,"Beat sheet"
925,68,1759,Visual
926,68,1749,Visual
927,68,1743,"Beat sheet"
928,68,1909,Visual
929,68,1914,"Beat sheet"
930,60,1415,Visual
931,68,1769,Visual
932,60,1416,Visual
933,60,1853,Visual
934,60,1915,Visual
935,60,1917,Visual
936,60,1600,Visual
937,60,1502,Visual
938,60,1494,Visual
939,60,1896,Visual
940,60,1919,Visual
941,60,1899,Visual
942,60,1429,Visual
943,60,1355,Visual
944,60,1399,Visual
945,60,1920,Visual
946,60,1471,Visual
947,60,1437,Visual
948,60,1438,Visual
949,60,1923,Visual
950,60,1613,Visual
951,60,1632,Visual
952,60,1890,Visual
953,60,1579,Visual
954,60,1554,Visual
955,60,1925,Visual
956,60,1894,Visual
957,60,1661,Visual
958,60,1930,Visual
959,60,1584,Visual
960,60,1538,Visual
961,60,1359,Visual
962,60,1931,Visual
963,60,1932,Visual
964,60,1446,Visual
965,60,1362,Visual
966,60,1419,Visual
967,60,1484,Visual
968,60,1924,Visual
969,60,1363,Visual
970,60,1376,Visual
971,60,1929,Visual
972,60,1500,Visual
973,60,1537,Visual
974,60,1936,Visual
975,60,1568,Visual
976,60,1935,Visual
977,60,1566,"Beat sheet"
978,60,1708,Visual
979,60,1506,Visual
980,60,1492,Visual
981,60,1937,Visual
982,60,1383,Visual
983,60,1934,Visual
984,60,1888,Visual
985,60,1581,Visual
986,60,1891,Visual
987,60,1941,Visual
988,60,25,Visual
989,60,1525,Visual
990,60,1592,Visual
991,60,1658,Visual
992,60,1652,Visual
993,60,1365,Visual
994,60,1950,Visual
995,60,1949,Visual
996,60,1340,Visual
997,60,1513,"Beat sheet"
998,60,1955,Visual
999,60,1951,Visual
1000,60,1616,Visual
1001,60,1603,Visual
1002,60,1412,Visual
1003,60,1434,Visual
1004,60,1485,Visual
1005,60,1671,Visual
1006,101,1958,"Beat sheet"
1007,60,1367,Visual
1008,60,1946,Visual
1009,60,1469,Visual
1010,60,1477,Visual
1011,60,1497,Visual
1012,60,1449,Visual
1013,60,1960,Visual
1014,60,1650,Visual
1015,60,1954,Visual
1016,60,1959,Visual
1017,60,1653,Visual
1018,60,1633,Visual
1019,60,1618,Visual
1020,60,1585,Visual
1021,60,1510,Visual
1022,60,1481,Visual
1023,60,1962,Visual
1024,60,1957,Visual
1025,60,1408,Visual
1026,60,1456,Visual
1027,60,1964,Visual
1028,60,1966,Visual
1029,60,1961,Visual
1030,60,1440,Visual
1031,60,1942,Visual
1032,60,1387,Visual
1033,60,1967,Visual
1034,60,1816,Visual
1035,60,1963,Visual
1036,60,1609,Visual
1037,60,1622,Visual
1038,60,1593,Visual
1039,60,1968,Visual
1040,60,1952,Visual
1041,60,1531,Visual
1042,60,1969,Visual
1043,60,1375,Visual
1044,60,1442,Visual
1045,60,1436,Visual
1046,60,1527,Visual
1047,60,1523,Visual
1048,60,1358,Visual
1049,60,1555,Visual
1050,60,1548,Visual
1051,60,1975,Visual
1052,60,1974,Visual
1053,60,1978,Visual
1054,60,1976,Visual
1055,60,1948,Visual
1056,60,1970,Visual
1057,60,1612,Visual
1058,60,1596,Visual
1059,60,1971,Visual
1060,60,1544,Visual
1061,60,1979,Visual
1062,60,1569,Visual
1063,60,1623,Visual
1064,60,1981,Visual
1065,60,1651,Visual
1066,60,1985,Visual
1067,60,1986,Visual
1068,60,1549,Visual
1069,88,696,"Beat sheet"
1070,60,1956,Visual
1071,60,1927,Visual
1072,60,1619,Visual
1073,60,1994,Visual
1074,60,1995,Visual
1075,60,1996,Visual
1076,60,1487,Visual
1077,60,1344,Visual
1078,60,1381,Visual
1079,60,1662,Visual
1080,60,1517,Visual
1081,60,2001,Visual
1082,60,1535,Visual
1083,60,1997,Visual
1084,60,2004,Visual
1085,60,1445,Visual
1086,60,1558,Visual
1087,60,1489,Visual
1088,60,2000,Visual
1089,60,1607,Visual
1090,60,1999,Visual
1091,60,1770,Visual
1092,60,1403,Visual
1093,60,2006,Visual
1094,60,2007,Visual
1095,167,696,"Beat sheet"
1096,60,2002,Visual
1097,60,2008,Visual
1098,160,1287,Visual
1099,60,1587,Visual
1100,60,2011,Visual
1101,60,1422,Visual
1102,60,1669,"Beat sheet"
1103,165,1295,Visual
1104,60,1928,Visual
1105,60,2012,Visual
1106,60,2013,Visual
1107,2,2015,Visual
1108,89,1337,"Beat sheet"
1109,89,1323,"Beat sheet"
1110,164,1295,Visual
1112,2,2020,Visual
1113,2,2024,Visual
1114,2,2023,Visual
1115,60,2020,"Beat sheet"
1116,60,2023,"Beat sheet"
1117,70,2027,Visual
1118,69,2027,Visual
1119,2,2021,Visual
1120,2,2028,Visual
1121,2,2025,Visual
1122,2,1309,Visual
1123,2,2034,Visual
1124,2,2032,Visual
1125,2,2036,Visual
1126,172,1796,"Beat sheet"
1127,163,1311,Visual
1128,179,1571,"Beat sheet"
1129,174,1977,Visual
1130,170,1295,Visual
1131,69,2041,Visual
1193,182,2139,"Beat sheet"
1132,166,1341,Visual
1133,2,2054,Visual
1134,71,2060,Visual
1135,2,2061,Visual
1136,78,2020,"Beat sheet"
1137,78,2023,"Beat sheet"
1143,166,2051,Visual
1138,77,2020,Visual
1139,77,2023,"Beat sheet"
1151,95,2049,Visual
1140,77,2024,"Beat sheet"
1141,60,2024,Visual
1146,54,2078,Visual
1145,78,2024,Visual
1142,166,2050,Visual
1144,2,2058,Visual
1148,78,2081,"Beat sheet"
1147,78,461,Visual
1225,93,831,Visual
1149,78,2080,"Beat sheet"
1150,78,2082,"Beat sheet"
1196,192,2066,Visual
1188,182,2149,"Beat sheet"
1152,188,2063,Visual
1153,56,2040,Visual
1154,95,2045,Visual
1155,173,1944,Visual
1472,221,2645,Visual
1156,2,85,Visual
1217,181,2184,"Beat sheet"
1159,71,2129,Visual
1160,167,1990,Visual
1163,191,2066,Visual
1161,171,1318,"Beat sheet"
1162,188,2059,Visual
1164,184,2124,Visual
1165,2,2158,Visual
1186,175,1299,Visual
1167,182,2138,"Beat sheet"
1168,182,2137,"Beat sheet"
1169,182,2140,"Beat sheet"
1170,193,2066,Visual
1171,182,2162,"Beat sheet"
1172,182,2160,"Beat sheet"
1173,182,2161,"Beat sheet"
1174,182,2143,"Beat sheet"
1175,182,2163,"Beat sheet"
1176,184,2107,Visual
1177,184,2111,Visual
1178,184,2131,Visual
1179,184,2087,"Beat sheet"
1180,184,2119,Visual
1181,184,2116,Visual
1182,184,2094,Visual
1183,184,2128,Visual
1184,184,2109,Visual
1185,194,2021,"Beat sheet"
1187,181,2169,"Beat sheet"
1189,182,2150,"Beat sheet"
1190,182,2153,"Beat sheet"
1191,182,2151,"Beat sheet"
1192,193,2170,Visual
1194,182,2136,"Beat sheet"
1195,192,2170,Visual
1247,191,2208,Visual
1197,184,2095,Visual
1198,184,2098,Visual
1199,2,2175,"Beat sheet"
1235,160,1288,Visual
1200,189,2073,Visual
1201,183,1574,"Beat sheet"
1202,183,2177,"Beat sheet"
1203,2,2178,Visual
1204,2,2179,Visual
1205,181,2178,"Beat sheet"
1206,181,2179,"Beat sheet"
1207,2,2176,Visual
1208,181,2176,"Beat sheet"
1209,97,2180,"Beat sheet"
1210,73,2183,"Beat sheet"
1211,95,2052,Visual
1212,73,2181,"Beat sheet"
1213,73,944,"Beat sheet"
1214,73,2182,"Beat sheet"
1215,95,2168,Visual
1216,106,2076,"Beat sheet"
1218,184,2115,Visual
1219,182,2142,"Beat sheet"
1220,183,2185,"Beat sheet"
1221,183,2186,"Beat sheet"
1229,182,2141,"Beat sheet"
1222,181,2187,"Beat sheet"
1223,183,2175,"Beat sheet"
1224,93,2173,Visual
1234,184,2117,Visual
1226,182,2154,"Beat sheet"
1227,182,2152,"Beat sheet"
1230,193,2195,Visual
1228,184,2190,Visual
1254,182,2233,"Beat sheet"
1231,193,2193,Visual
1232,193,2196,Visual
1233,93,2172,Visual
1262,196,2240,Visual
1236,93,2197,Visual
1270,160,2244,Visual
1237,191,2170,Visual
1249,182,2223,"Beat sheet"
1238,191,2193,Visual
1239,193,2202,Visual
1240,192,2193,Visual
1241,193,2208,Visual
1242,67,2210,"Beat sheet"
1243,67,2209,Visual
1244,67,2211,"Beat sheet"
1245,93,2171,Visual
1246,184,2122,Visual
1260,182,2237,Visual
1248,162,2191,Visual
1250,182,2220,"Beat sheet"
1251,182,2227,"Beat sheet"
1252,182,2224,"Beat sheet"
1253,184,2125,Visual
1255,182,2234,"Beat sheet"
1256,182,2235,"Beat sheet"
1257,162,2036,Visual
1258,52,2207,Visual
1259,51,2207,Visual
1261,191,2196,Visual
1263,192,2196,Visual
1264,162,2241,Visual
1265,161,1298,Visual
1266,196,2243,Visual
1267,196,2246,Visual
1268,192,2208,"Beat sheet"
1269,196,2066,Visual
1271,68,2272,"Beat sheet"
1272,182,2321,"Beat sheet"
1273,182,2320,"Beat sheet"
1274,182,2319,"Beat sheet"
1275,182,2322,"Beat sheet"
1276,182,2323,"Beat sheet"
1277,182,2316,"Beat sheet"
1278,182,2332,"Beat sheet"
1279,182,2331,"Beat sheet"
1280,182,2328,"Beat sheet"
1281,182,2325,"Beat sheet"
1282,182,2341,"Beat sheet"
1283,182,2324,"Beat sheet"
1284,182,2294,"Beat sheet"
1285,182,2290,"Beat sheet"
1286,182,2298,"Beat sheet"
1287,182,2334,"Beat sheet"
1288,182,2304,Visual
1289,182,2307,"Beat sheet"
1290,182,2303,"Beat sheet"
1291,182,2306,"Beat sheet"
1292,182,2313,Visual
1293,182,2302,"Beat sheet"
1294,182,2375,"Beat sheet"
1295,182,2376,"Beat sheet"
1296,182,2318,"Beat sheet"
1297,182,2379,"Beat sheet"
1298,182,2382,"Beat sheet"
1299,182,2384,"Beat sheet"
1300,182,2380,"Beat sheet"
1301,182,2385,"Beat sheet"
1302,182,2383,"Beat sheet"
1303,182,2253,"Beat sheet"
1304,182,2388,"Beat sheet"
1305,182,2390,"Beat sheet"
1306,182,2391,"Beat sheet"
1307,182,2393,"Beat sheet"
1308,182,2378,"Beat sheet"
1309,182,2256,"Beat sheet"
1310,182,2267,"Beat sheet"
1311,182,2396,"Beat sheet"
1312,182,2259,Visual
1313,182,2262,"Beat sheet"
1314,182,2397,"Beat sheet"
1315,182,2398,"Beat sheet"
1316,182,2260,"Beat sheet"
1317,182,2254,"Beat sheet"
1318,182,2402,"Beat sheet"
1319,182,2403,"Beat sheet"
1320,182,2401,"Beat sheet"
1321,182,2404,"Beat sheet"
1322,182,2405,"Beat sheet"
1323,182,2400,"Beat sheet"
1324,182,2265,"Beat sheet"
1325,182,2271,"Beat sheet"
1326,182,2268,"Beat sheet"
1327,182,2266,"Beat sheet"
1328,182,2273,"Beat sheet"
1329,182,2406,"Beat sheet"
1330,182,2410,"Beat sheet"
1331,182,2408,"Beat sheet"
1332,182,2411,"Beat sheet"
1333,182,2412,"Beat sheet"
1334,182,2413,"Beat sheet"
1335,182,2416,"Beat sheet"
1336,182,2417,"Beat sheet"
1337,182,2414,"Beat sheet"
1338,182,2420,"Beat sheet"
1339,182,2418,"Beat sheet"
1340,182,2421,"Beat sheet"
1341,182,2422,"Beat sheet"
1342,182,2423,"Beat sheet"
1343,182,2419,"Beat sheet"
1344,182,2269,"Beat sheet"
1345,182,2270,"Beat sheet"
1346,182,2426,"Beat sheet"
1347,182,2425,"Beat sheet"
1348,182,2424,"Beat sheet"
1349,182,2428,"Beat sheet"
1350,182,2430,"Beat sheet"
1351,182,2429,"Beat sheet"
1352,182,2431,"Beat sheet"
1353,182,2434,"Beat sheet"
1354,182,2438,"Beat sheet"
1355,182,2435,"Beat sheet"
1356,182,2433,"Beat sheet"
1357,182,2436,"Beat sheet"
1358,182,2437,"Beat sheet"
1359,182,2445,"Beat sheet"
1360,182,2444,"Beat sheet"
1361,182,2443,"Beat sheet"
1362,182,2442,"Beat sheet"
1363,182,2446,"Beat sheet"
1364,182,2441,"Beat sheet"
1365,182,2277,"Beat sheet"
1366,182,2275,"Beat sheet"
1367,182,2447,"Beat sheet"
1368,182,2287,"Beat sheet"
1369,182,2279,Visual
1370,196,2247,Visual
1371,196,2250,Visual
1372,182,2299,"Beat sheet"
1373,182,2449,"Beat sheet"
1374,182,2453,"Beat sheet"
1375,182,2451,"Beat sheet"
1376,182,2454,"Beat sheet"
1377,182,2450,"Beat sheet"
1378,182,2452,"Beat sheet"
1379,182,2345,"Beat sheet"
1380,182,2348,"Beat sheet"
1381,182,2349,"Beat sheet"
1382,182,2347,"Beat sheet"
1383,182,2351,"Beat sheet"
1384,182,2455,"Beat sheet"
1385,182,2458,"Beat sheet"
1386,182,2457,"Beat sheet"
1387,182,2340,Visual
1388,182,2459,"Beat sheet"
1389,182,2461,"Beat sheet"
1390,182,2460,"Beat sheet"
1391,182,2465,"Beat sheet"
1392,182,2466,"Beat sheet"
1393,182,2464,"Beat sheet"
1394,182,2472,"Beat sheet"
1395,182,2474,Visual
1396,182,2471,"Beat sheet"
1397,182,2468,"Beat sheet"
1398,182,2470,"Beat sheet"
1399,182,2469,"Beat sheet"
1400,182,2487,"Beat sheet"
1401,182,2486,"Beat sheet"
1402,182,2488,"Beat sheet"
1403,182,2490,"Beat sheet"
1404,182,2491,"Beat sheet"
1405,182,2492,"Beat sheet"
1406,182,2494,"Beat sheet"
1407,182,2493,"Beat sheet"
1408,182,2497,"Beat sheet"
1409,182,2496,"Beat sheet"
1410,182,2499,"Beat sheet"
1411,182,2498,"Beat sheet"
1412,182,2495,"Beat sheet"
1413,182,2363,"Beat sheet"
1414,182,2357,"Beat sheet"
1415,182,2365,"Beat sheet"
1416,182,2501,"Beat sheet"
1417,182,2359,"Beat sheet"
1418,182,2366,"Beat sheet"
1419,182,2394,"Beat sheet"
1420,182,2301,"Beat sheet"
1421,182,2300,"Beat sheet"
1422,182,2389,Visual
1423,182,2409,Visual
1424,185,2046,"Beat sheet"
1425,182,2507,"Beat sheet"
1426,182,2508,"Beat sheet"
1427,182,2337,"Beat sheet"
1428,182,2513,"Beat sheet"
1429,182,2514,"Beat sheet"
1430,182,2353,"Beat sheet"
1431,182,2354,"Beat sheet"
1432,193,2515,Visual
1433,193,2475,Visual
1434,182,2478,"Beat sheet"
1435,182,2516,"Beat sheet"
1436,182,2519,"Beat sheet"
1437,182,2520,"Beat sheet"
1438,182,2517,"Beat sheet"
1439,182,2522,"Beat sheet"
1440,182,2521,"Beat sheet"
1441,182,2482,"Beat sheet"
1442,182,2479,"Beat sheet"
1443,182,2485,"Beat sheet"
1444,182,2480,"Beat sheet"
1445,182,2483,"Beat sheet"
1446,182,2481,"Beat sheet"
1447,182,2524,"Beat sheet"
1448,182,2526,"Beat sheet"
1449,182,2525,"Beat sheet"
1450,182,2523,"Beat sheet"
1451,182,2489,"Beat sheet"
1452,182,2529,"Beat sheet"
1453,182,2500,"Beat sheet"
1454,182,2531,"Beat sheet"
1455,182,2535,"Beat sheet"
1456,2,2545,Visual
1457,51,2558,Visual
1458,52,2558,Visual
1459,182,2528,"Beat sheet"
1460,182,2530,"Beat sheet"
1461,182,2362,"Beat sheet"
1462,71,2022,Visual
1463,2,2596,Visual
1464,201,2601,Visual
1465,199,2596,"Beat sheet"
1466,211,2626,"Beat sheet"
1467,199,2622,"Beat sheet"
1468,208,2620,Visual
1469,210,2604,Visual
1470,216,2637,Visual
1471,213,2635,"Beat sheet"
1473,217,2633,"Beat sheet"
1474,218,2639,Visual
1475,214,2633,"Beat sheet"
1476,215,2631,"Beat sheet"
1477,93,2656,Visual
1478,220,1655,Visual
1479,219,2640,Visual
1480,56,2662,Visual
1481,56,2660,Visual
1482,56,2664,Visual
1483,223,2659,Visual
1484,213,2668,"Beat sheet"
1485,223,2658,Visual
1486,78,25,"Beat sheet"
1487,192,2653,Visual
1488,188,2072,Visual
1489,181,1574,"Beat sheet"
1490,193,2653,Visual
1491,193,2654,Visual
1492,226,2674,Visual
1493,192,2675,Visual
1494,226,2670,Visual
1495,93,922,Visual
1496,56,2665,Visual
1497,225,2669,"Beat sheet"
1498,226,2671,Visual
1499,192,2654,Visual
1500,226,2678,Visual
1501,226,2679,Visual
1502,226,2680,Visual
1503,226,144,Visual
1504,226,2672,Visual
1505,226,2677,Visual
1506,226,2683,"Beat sheet"
1507,226,2681,Visual
1508,226,2685,Visual
1509,226,2676,Visual
1510,226,2689,Visual
1511,226,2688,Visual
1512,226,2690,Visual
1513,226,2687,Visual
1514,226,2691,Visual
1515,226,2693,Visual
1516,226,2692,Visual
1517,191,2675,Visual
1518,191,2682,Visual
1519,196,2696,Visual
1520,226,2697,Visual
1521,196,2682,Visual
1522,192,2700,Visual
1523,192,2698,Visual
1524,191,2653,Visual
1525,193,2682,Visual
1526,226,2707,Visual
1527,95,2707,Visual
1528,226,2708,Visual
1529,193,2706,Visual
