ID,PhotoURL,Answer
1,http://static.inaturalist.org/photos/3353337/medium.jpg?1460527671,Araneae
2,http://static.inaturalist.org/photos/3353311/medium.jpg?1460527324,Araneae
3,http://static.inaturalist.org/photos/3353227/medium.jpg?1460526104,Araneae
4,http://static.inaturalist.org/photos/3351833/medium.jpg?1460510990,Araneae
5,http://static.inaturalist.org/photos/3349579/medium.jpeg?1460493753,Araneae
6,http://static.inaturalist.org/photos/3348298/medium.JPG?1460483485,Araneae
7,http://static.inaturalist.org/photos/3347650/medium.?1460475649,Araneae
8,http://static.inaturalist.org/photos/3346687/medium.jpg?1460454264,Araneae
9,http://static.inaturalist.org/photos/3345229/medium.jpg?1460429769,Araneae
10,http://static.inaturalist.org/photos/3342368/medium.jpg?1460408894,Araneae
11,http://static.inaturalist.org/photos/3342031/medium.jpg?1460405919,Araneae
12,http://static.inaturalist.org/photos/3340341/medium.jpg?1460391806,Araneae
13,http://static.inaturalist.org/photos/3338750/medium.jpg?1460375479,Araneae
14,http://static.inaturalist.org/photos/3338572/medium.JPG?1460371821,Araneae
15,http://static.inaturalist.org/photos/3338385/medium.jpg?1460364722,Araneae
16,http://static.inaturalist.org/photos/3338142/medium.jpeg?1460357597,Araneae
17,http://static.inaturalist.org/photos/3338124/medium.JPG?1460357249,Araneae
18,http://static.inaturalist.org/photos/3344408/medium.jpg?1460422712,Auchenorrhyncha
19,http://static.inaturalist.org/photos/3336865/medium.jpg?1460344142,Auchenorrhyncha
20,http://static.inaturalist.org/photos/3330667/medium.jpg?1460295156,Auchenorrhyncha
21,http://static.inaturalist.org/photos/3326646/medium.jpg?1460239028,Auchenorrhyncha
22,http://static.inaturalist.org/photos/3294237/medium.jpg?1459830966,Auchenorrhyncha
23,http://static.inaturalist.org/photos/3277145/medium.jpg?1459647293,Auchenorrhyncha
24,http://static.inaturalist.org/photos/3263930/medium.jpg?1459474249,Auchenorrhyncha
25,http://static.inaturalist.org/photos/3250504/medium.jpg?1459296533,Auchenorrhyncha
26,http://static.inaturalist.org/photos/3250120/medium.jpg?1459293005,Auchenorrhyncha
27,http://static.inaturalist.org/photos/3246949/medium.jpg?1459261519,Auchenorrhyncha
28,http://static.inaturalist.org/photos/3246724/medium.jpg?1459257074,Auchenorrhyncha
29,http://static.inaturalist.org/photos/3240016/medium.jpg?1459180623,Auchenorrhyncha
30,http://static.inaturalist.org/photos/3239818/medium.JPG?1459177331,Auchenorrhyncha
31,http://static.inaturalist.org/photos/3233306/medium.jpg?1459098739,Auchenorrhyncha
32,http://static.inaturalist.org/photos/3218323/medium.jpg?1458876881,Auchenorrhyncha
33,http://static.inaturalist.org/photos/3187730/medium.jpg?1458439957,Auchenorrhyncha
34,http://static.inaturalist.org/photos/3181848/medium.jpg?1458382418,Auchenorrhyncha
35,http://static.inaturalist.org/photos/3180440/medium.jpeg?1458356187,Auchenorrhyncha
36,http://static.inaturalist.org/photos/3354719/medium.JPG?1460561432,Coleoptera
37,http://static.inaturalist.org/photos/3354703/medium.JPG?1460561293,Coleoptera
38,http://static.inaturalist.org/photos/3353979/medium.jpg?1460552669,Coleoptera
39,http://static.inaturalist.org/photos/3353978/medium.jpg?1460552648,Coleoptera
40,http://static.inaturalist.org/photos/3353641/medium.jpeg?1460539175,Coleoptera
41,http://static.inaturalist.org/photos/3353582/medium.jpeg?1460534807,Coleoptera
42,http://static.inaturalist.org/photos/3353407/medium.jpeg?1460528616,Coleoptera
43,http://static.inaturalist.org/photos/3352615/medium.jpg?1460518938,Coleoptera
44,http://static.inaturalist.org/photos/3351808/medium.jpg?1460510861,Coleoptera
45,http://static.inaturalist.org/photos/3351558/medium.jpg?1460508374,Coleoptera
46,http://static.inaturalist.org/photos/3351228/medium.JPG?1460505419,Coleoptera
47,http://static.inaturalist.org/photos/3350548/medium.jpeg?1460499989,Coleoptera
48,http://static.inaturalist.org/photos/3349945/medium.jpg?1460496441,Coleoptera
49,http://static.inaturalist.org/photos/3349782/medium.jpg?1460495362,Coleoptera
50,http://static.inaturalist.org/photos/3349641/medium.jpg?1460494503,Coleoptera
51,http://static.inaturalist.org/photos/3349530/medium.jpg?1460493430,Coleoptera
52,http://static.inaturalist.org/photos/3349195/medium.jpg?1460491124,Coleoptera
53,http://static.inaturalist.org/photos/3349043/medium.jpg?1460489349,Coleoptera
54,http://static.inaturalist.org/photos/3348875/medium.jpg?1460488058,Coleoptera
55,http://static.inaturalist.org/photos/3348010/medium.jpg?1460480155,Coleoptera
56,http://static.inaturalist.org/photos/3353688/medium.jpg?1460543298,Diptera
57,http://static.inaturalist.org/photos/3353646/medium.jpeg?1460539287,Diptera
58,http://static.inaturalist.org/photos/3353632/medium.jpeg?1460539033,Diptera
59,http://static.inaturalist.org/photos/3353224/medium.jpg?1460526097,Diptera
60,http://static.inaturalist.org/photos/3350307/medium.JPG?1460498504,Diptera
61,http://static.inaturalist.org/photos/3346164/medium.jpg?1460441191,Diptera
62,http://static.inaturalist.org/photos/3341633/medium.JPG?1460401944,Diptera
63,http://static.inaturalist.org/photos/3341389/medium.jpg?1460399820,Diptera
64,http://static.inaturalist.org/photos/3340177/medium.jpg?1460390543,Diptera
65,http://static.inaturalist.org/photos/3339140/medium.jpg?1460380681,Diptera
66,http://static.inaturalist.org/photos/3338484/medium.jpg?1460367937,Diptera
67,http://static.inaturalist.org/photos/3338387/medium.JPG?1460365478,Diptera
68,http://static.inaturalist.org/photos/3337625/medium.JPG?1460350380,Diptera
69,http://static.inaturalist.org/photos/3335488/medium.jpeg?1460334554,Diptera
70,http://static.inaturalist.org/photos/3335487/medium.jpeg?1460334542,Diptera
71,http://static.inaturalist.org/photos/3334128/medium.JPG?1460325423,Diptera
72,http://static.inaturalist.org/photos/3333907/medium.JPG?1460323190,Diptera
73,http://static.inaturalist.org/photos/3350533/medium.jpg?1460499877,Formicidae
74,http://static.inaturalist.org/photos/3350157/medium.jpg?1460497748,Formicidae
75,http://static.inaturalist.org/photos/3348142/medium.JPG?1460482053,Formicidae
76,http://static.inaturalist.org/photos/3347971/medium.JPG?1460479569,Formicidae
77,http://static.inaturalist.org/photos/3347757/medium.jpg?1460476831,Formicidae
78,http://static.inaturalist.org/photos/3344728/medium.jpg?1460424867,Formicidae
79,http://static.inaturalist.org/photos/3339032/medium.jpeg?1460379187,Formicidae
80,http://static.inaturalist.org/photos/3337897/medium.JPG?1460353987,Formicidae
81,http://static.inaturalist.org/photos/3336132/medium.jpg?1460338566,Formicidae
82,http://static.inaturalist.org/photos/3335947/medium.JPG?1460337176,Formicidae
83,http://static.inaturalist.org/photos/3335914/medium.jpg?1460337046,Formicidae
84,http://static.inaturalist.org/photos/3334342/medium.jpg?1460327134,Formicidae
85,http://static.inaturalist.org/photos/3334270/medium.jpg?1460326567,Formicidae
86,http://static.inaturalist.org/photos/3331776/medium.JPG?1460308675,Formicidae
87,http://static.inaturalist.org/photos/3329972/medium.jpg?1460274015,Formicidae
88,http://static.inaturalist.org/photos/3327748/medium.JPG?1460248269,Formicidae
89,http://static.inaturalist.org/photos/3325751/medium.jpg?1460233227,Formicidae
90,http://static.inaturalist.org/photos/3325939/medium.jpeg?1460233941,Formicidae
91,http://static.inaturalist.org/photos/3325914/medium.jpeg?1460233853,Formicidae
92,http://static.inaturalist.org/photos/3351703/medium.jpg?1460509446,Heteroptera
93,http://static.inaturalist.org/photos/3350330/medium.jpg?1460498632,Heteroptera
94,http://static.inaturalist.org/photos/3350037/medium.jpg?1460497059,Heteroptera
95,http://static.inaturalist.org/photos/3349016/medium.jpg?1460489171,Heteroptera
96,http://static.inaturalist.org/photos/3348825/medium.JPG?1460487549,Heteroptera
97,http://static.inaturalist.org/photos/3347399/medium.jpg?1460473156,Heteroptera
98,http://static.inaturalist.org/photos/3346018/medium.jpg?1460438256,Heteroptera
99,http://static.inaturalist.org/photos/3343526/medium.JPG?1460417748,Heteroptera
100,http://static.inaturalist.org/photos/3343299/medium.jpg?1460416061,Heteroptera
101,http://static.inaturalist.org/photos/3343253/medium.jpg?1460415745,Heteroptera
102,http://static.inaturalist.org/photos/3343122/medium.jpg?1460414751,Heteroptera
103,http://static.inaturalist.org/photos/3342258/medium.JPG?1460407849,Heteroptera
104,http://static.inaturalist.org/photos/3341156/medium.jpg?1460397721,Heteroptera
105,http://static.inaturalist.org/photos/3340648/medium.jpg?1460394971,Heteroptera
106,http://static.inaturalist.org/photos/3339366/medium.JPG?1460382626,Heteroptera
107,http://static.inaturalist.org/photos/3339108/medium.jpeg?1460380132,Heteroptera
108,http://static.inaturalist.org/photos/3339067/medium.jpg?1460379517,Heteroptera
109,http://static.inaturalist.org/photos/3338086/medium.jpg?1460356529,Heteroptera
110,http://static.inaturalist.org/photos/3337521/medium.JPG?1460348617,Heteroptera
111,http://static.inaturalist.org/photos/3353860/medium.jpg?1460548237,Hymenoptera
112,http://static.inaturalist.org/photos/3352848/medium.JPG?1460521253,Hymenoptera
113,http://static.inaturalist.org/photos/3351151/medium.jpeg?1460504540,Hymenoptera
114,http://static.inaturalist.org/photos/3350403/medium.jpg?1460498981,Hymenoptera
115,http://static.inaturalist.org/photos/3350032/medium.jpg?1460496994,Hymenoptera
116,http://static.inaturalist.org/photos/3347943/medium.jpg?1460479178,Hymenoptera
117,http://static.inaturalist.org/photos/3347829/medium.jpg?1460477833,Hymenoptera
118,http://static.inaturalist.org/photos/3347720/medium.jpg?1460476487,Hymenoptera
119,http://static.inaturalist.org/photos/3347714/medium.jpg?1460476338,Hymenoptera
120,http://static.inaturalist.org/photos/3347594/medium.jpg?1460475171,Hymenoptera
121,http://static.inaturalist.org/photos/3347346/medium.JPG?1460472101,Hymenoptera
122,http://static.inaturalist.org/photos/3347337/medium.JPG?1460471883,Hymenoptera
123,http://static.inaturalist.org/photos/3347117/medium.jpg?1460469208,Hymenoptera
124,http://static.inaturalist.org/photos/3355284/medium.JPG?1460567421,"Lepidoptera Adult"
125,http://static.inaturalist.org/photos/3355119/medium.jpg?1460565034,"Lepidoptera Adult"
126,http://static.inaturalist.org/photos/3355118/medium.jpg?1460565026,"Lepidoptera Adult"
127,http://static.inaturalist.org/photos/3355117/medium.jpg?1460565013,"Lepidoptera Adult"
128,http://static.inaturalist.org/photos/3355111/medium.jpg?1460564978,"Lepidoptera Adult"
129,http://static.inaturalist.org/photos/3355109/medium.jpg?1460564962,"Lepidoptera Adult"
130,http://static.inaturalist.org/photos/3354681/medium.JPG?1460561135,"Lepidoptera Adult"
131,http://static.inaturalist.org/photos/3354180/medium.jpeg?1460556480,"Lepidoptera Adult"
132,http://static.inaturalist.org/photos/3354034/medium.jpeg?1460554975,"Lepidoptera Adult"
133,http://static.inaturalist.org/photos/3353952/medium.JPG?1460551621,"Lepidoptera Adult"
134,http://static.inaturalist.org/photos/3353892/medium.jpg?1460548589,"Lepidoptera Adult"
135,http://static.inaturalist.org/photos/3353735/medium.jpg?1460545681,"Lepidoptera Adult"
136,http://static.inaturalist.org/photos/3353628/medium.jpg?1460538719,"Lepidoptera Adult"
137,http://static.inaturalist.org/photos/3353626/medium.JPG?1460538565,"Lepidoptera Adult"
138,http://static.inaturalist.org/photos/3353464/medium.jpg?1460530749,"Lepidoptera Adult"
139,http://static.inaturalist.org/photos/3353463/medium.jpg?1460530681,"Lepidoptera Adult"
140,http://static.inaturalist.org/photos/3353352/medium.jpg?1460527746,"Lepidoptera Adult"
141,http://static.inaturalist.org/photos/3353346/medium.jpg?1460527706,"Lepidoptera Adult"
142,http://static.inaturalist.org/photos/3264942/medium.JPG?1459483334,"Lepidoptera larvae"
143,http://static.inaturalist.org/photos/3264893/medium.JPG?1459482799,"Lepidoptera larvae"
144,http://static.inaturalist.org/photos/3240222/medium.jpg?1459183698,"Lepidoptera larvae"
145,http://static.inaturalist.org/photos/3239306/medium.jpg?1459165587,"Lepidoptera larvae"
146,http://static.inaturalist.org/photos/3238261/medium.jpg?1459141001,"Lepidoptera larvae"
147,http://static.inaturalist.org/photos/3238120/medium.jpg?1459139425,"Lepidoptera larvae"
148,http://static.inaturalist.org/photos/3226844/medium.jpg?1459019221,"Lepidoptera larvae"
149,http://static.inaturalist.org/photos/3223627/medium.JPG?1458957902,"Lepidoptera larvae"
150,http://static.inaturalist.org/photos/3155065/medium.JPG?1457987214,"Lepidoptera larvae"
151,http://static.inaturalist.org/photos/3105712/medium.jpg?1457216494,"Lepidoptera larvae"
152,http://static.inaturalist.org/photos/3056073/medium.JPG?1456285964,"Lepidoptera larvae"
153,http://static.inaturalist.org/photos/3037659/medium.JPG?1455931763,"Lepidoptera larvae"
154,http://static.inaturalist.org/photos/3037656/medium.JPG?1455931695,"Lepidoptera larvae"
155,http://static.inaturalist.org/photos/3037554/medium.JPG?1455930144,"Lepidoptera larvae"
156,http://static.inaturalist.org/photos/2982282/medium.JPG?1454879843,"Lepidoptera larvae"
157,http://static.inaturalist.org/photos/2982051/medium.JPG?1454876486,"Lepidoptera larvae"
158,http://static.inaturalist.org/photos/2981935/medium.JPG?1454874806,"Lepidoptera larvae"
159,http://static.inaturalist.org/photos/2981892/medium.JPG?1454874235,"Lepidoptera larvae"
160,http://static.inaturalist.org/photos/2981872/medium.JPG?1454873963,"Lepidoptera larvae"
161,http://static.inaturalist.org/photos/2981858/medium.JPG?1454873589,"Lepidoptera larvae"
162,http://static.inaturalist.org/photos/3313537/medium.jpg?1460074803,Opiliones
163,http://static.inaturalist.org/photos/3245329/medium.JPG?1459225141,Opiliones
164,http://static.inaturalist.org/photos/3195715/medium.jpg?1458541809,Opiliones
165,http://static.inaturalist.org/photos/3169126/medium.jpg?1458180373,Opiliones
166,http://static.inaturalist.org/photos/3126940/medium.jpg?1457567559,Opiliones
167,http://static.inaturalist.org/photos/3125927/medium.JPG?1457554947,Opiliones
168,http://static.inaturalist.org/photos/2998402/medium.JPG?1455160306,Opiliones
169,http://static.inaturalist.org/photos/2972710/medium.jpg?1454705039,Opiliones
170,http://static.inaturalist.org/photos/2920270/medium.jpg?1453611374,Opiliones
171,http://static.inaturalist.org/photos/2880490/medium.jpeg?1452752961,Opiliones
172,http://static.inaturalist.org/photos/2860827/medium.jpg?1452331587,Opiliones
173,http://static.inaturalist.org/photos/2855838/medium.jpg?1452204835,Opiliones
174,http://static.inaturalist.org/photos/2744065/medium.jpg?1449381748,Opiliones
175,http://static.inaturalist.org/photos/2722343/medium.jpg?1448919878,Opiliones
176,http://static.inaturalist.org/photos/2719883/medium.JPG?1448870231,Opiliones
177,http://static.inaturalist.org/photos/2695559/medium.JPG?1448364008,Opiliones
178,http://static.inaturalist.org/photos/2687221/medium.JPG?1448215159,Opiliones
179,http://static.inaturalist.org/photos/3353478/medium.JPG?1460531233,Orthoptera
180,http://static.inaturalist.org/photos/3353400/medium.jpeg?1460528520,Orthoptera
181,http://static.inaturalist.org/photos/3348566/medium.jpg?1460485068,Orthoptera
182,http://static.inaturalist.org/photos/3352093/medium.JPG?1460513079,Orthoptera
183,http://static.inaturalist.org/photos/3345460/medium.jpg?1460431769,Orthoptera
184,http://static.inaturalist.org/photos/3342519/medium.jpg?1460410130,Orthoptera
185,http://static.inaturalist.org/photos/3340329/medium.jpeg?1460391676,Orthoptera
186,http://static.inaturalist.org/photos/3338364/medium.jpg?1460364060,Orthoptera
187,http://static.inaturalist.org/photos/3338313/medium.jpg?1460362324,Orthoptera
188,http://static.inaturalist.org/photos/3337557/medium.jpeg?1460349105,Orthoptera
189,http://static.inaturalist.org/photos/3337460/medium.jpg?1460348229,Orthoptera
190,http://static.inaturalist.org/photos/3337341/medium.jpg?1460347426,Orthoptera
191,http://static.inaturalist.org/photos/3336867/medium.jpg?1460344167,Orthoptera
192,http://static.inaturalist.org/photos/3335063/medium.jpg?1460331383,Orthoptera
193,http://static.inaturalist.org/photos/3331371/medium.jpeg?1460305408,Orthoptera
194,http://static.inaturalist.org/photos/3330337/medium.jpg?1460285583,Orthoptera
195,http://static.inaturalist.org/photos/3329903/medium.jpg?1460270647,Orthoptera
196,http://static.inaturalist.org/photos/3327463/medium.JPG?1460246069,Orthoptera
197,http://static.inaturalist.org/photos/3326001/medium.jpg?1460234153,Orthoptera
198,http://static.inaturalist.org/photos/3325736/medium.jpg?1460233092,Orthoptera
199,http://static.inaturalist.org/photos/3352874/medium.jpg?1460521567,Sternorrhyncha
200,http://static.inaturalist.org/photos/3345458/medium.jpg?1460431767,Sternorrhyncha
201,http://static.inaturalist.org/photos/3329433/medium.jpg?1460262244,Sternorrhyncha
202,http://static.inaturalist.org/photos/3328899/medium.jpg?1460256546,Sternorrhyncha
203,http://static.inaturalist.org/photos/3322497/medium.jpg?1460204832,Sternorrhyncha
204,http://static.inaturalist.org/photos/3321728/medium.jpg?1460179587,Sternorrhyncha
205,http://static.inaturalist.org/photos/3308772/medium.JPG?1460019068,Sternorrhyncha
206,http://static.inaturalist.org/photos/3287148/medium.jpeg?1459747752,Sternorrhyncha
207,http://static.inaturalist.org/photos/3281867/medium.JPG?1459715881,Sternorrhyncha
208,http://static.inaturalist.org/photos/3278505/medium.jpg?1459662421,Sternorrhyncha
209,http://static.inaturalist.org/photos/3266077/medium.JPG?1459509468,Sternorrhyncha
210,http://static.inaturalist.org/photos/3259016/medium.JPG?1459406686,Sternorrhyncha
211,http://static.inaturalist.org/photos/3259004/medium.jpg?1459406364,Sternorrhyncha
212,http://static.inaturalist.org/photos/3258974/medium.jpg?1459405411,Sternorrhyncha
213,http://static.inaturalist.org/photos/3240232/medium.JPG?1459183880,Sternorrhyncha
214,http://static.inaturalist.org/photos/3233137/medium.jpg?1459097794,Sternorrhyncha
215,http://static.inaturalist.org/photos/3232209/medium.jpg?1459084035,Sternorrhyncha
216,http://static.inaturalist.org/photos/3226716/medium.jpg?1459018164,Sternorrhyncha
217,http://static.inaturalist.org/photos/3225122/medium.JPG?1458981837,Sternorrhyncha
218,"	http://static.inaturalist.org/photos/3351228/medium.JPG?1460505419",Araneae
219,http://static.inaturalist.org/photos/1321783/medium.jpg?1415069014,Araneae
220,http://static.inaturalist.org/photos/1315609/medium.jpg?1414784113,Araneae
221,http://static.inaturalist.org/photos/1316113/medium.jpg?1414799135,Araneae
222,http://static.inaturalist.org/photos/1319186/medium.jpg?1414963519,Araneae
223,http://static.inaturalist.org/photos/1314347/medium.jpg?1414723043,Araneae
224,http://static.inaturalist.org/photos/1326760/medium.JPG?1415300504,Araneae
225,http://static.inaturalist.org/photos/1315079/medium.JPG?1414762885,Araneae
226,http://static.inaturalist.org/photos/1313842/medium.JPG?1414708357,Araneae
227,http://static.inaturalist.org/photos/1313917/medium.JPG?1414710864,Araneae
228,http://static.inaturalist.org/photos/1314120/medium.JPG?1414716532,Araneae
229,http://static.inaturalist.org/photos/1314125/medium.jpg?1414716664,Araneae
230,http://static.inaturalist.org/photos/1314171/medium.jpg?1414718581,Araneae
231,http://static.inaturalist.org/photos/2591242/medium.jpg?1446298559,Araneae
232,http://static.inaturalist.org/photos/1312708/medium.jpg?1414650214,Araneae
233,http://static.inaturalist.org/photos/1372130/medium.jpg?1444709028,Araneae
234,http://static.inaturalist.org/photos/1312515/medium.JPG?1414640174,Araneae
235,http://static.inaturalist.org/photos/1311824/medium.JPG?1414619056,Araneae
236,http://static.inaturalist.org/photos/1311986/medium.jpg?1414622752,Araneae
237,http://static.inaturalist.org/photos/1315482/medium.jpg?1414777389,Araneae
238,http://static.inaturalist.org/photos/1308161/medium.jpg?1414524251,Araneae
239,http://static.inaturalist.org/photos/1246655/medium.?1413383039,Auchenorrhyncha
240,http://static.inaturalist.org/photos/1246577/medium.?1413382842,Auchenorrhyncha
241,http://static.inaturalist.org/photos/1246592/medium.?1413382877,Auchenorrhyncha
242,http://static.inaturalist.org/photos/706882/medium.jpg?1394078212,Auchenorrhyncha
243,http://static.inaturalist.org/photos/685120/medium.JPG?1393046077,Auchenorrhyncha
244,http://static.inaturalist.org/photos/1245769/medium.?1413380747,Auchenorrhyncha
245,http://static.inaturalist.org/photos/683111/medium.JPG?1392871987,Auchenorrhyncha
246,http://static.inaturalist.org/photos/1247430/medium.?1413385102,Auchenorrhyncha
247,http://static.inaturalist.org/photos/1245387/medium.?1413379816,Auchenorrhyncha
248,http://static.inaturalist.org/photos/1246207/medium.?1413381871,Auchenorrhyncha
249,http://static.inaturalist.org/photos/1192975/medium.jpg?1444559999,Auchenorrhyncha
250,http://static.inaturalist.org/photos/1243559/medium.?1413375271,Auchenorrhyncha
251,http://static.inaturalist.org/photos/1243516/medium.?1413375136,Auchenorrhyncha
252,http://static.inaturalist.org/photos/659740/medium.jpg?1391317013,Auchenorrhyncha
253,http://static.inaturalist.org/photos/2110076/medium.jpg?1436494806,Auchenorrhyncha
254,http://static.inaturalist.org/photos/185369/medium.JPG?1349731066,Auchenorrhyncha
255,http://static.inaturalist.org/photos/2110248/medium.jpg?1436496777,Auchenorrhyncha
256,http://static.inaturalist.org/photos/2482935/medium.JPG?1444793913,Auchenorrhyncha
257,http://static.inaturalist.org/photos/487063/medium.JPG?1378433195,Auchenorrhyncha
258,http://static.inaturalist.org/photos/494838/medium.jpg?1379015803,Auchenorrhyncha
259,http://static.inaturalist.org/photos/1201249/medium.?1413265665,Coleoptera
260,http://static.inaturalist.org/photos/1183017/medium.jpg?1444483862,Coleoptera
261,http://static.inaturalist.org/photos/11262/medium.jpg?1444280524,Coleoptera
262,http://static.inaturalist.org/photos/11256/medium.jpg?1444280506,Coleoptera
263,http://static.inaturalist.org/photos/11271/medium.JPG?1444766443,Coleoptera
264,http://static.inaturalist.org/photos/1186228/medium.jpg?1444503046,Coleoptera
265,http://static.inaturalist.org/photos/2974520/medium.JPG?1454733012,Coleoptera
266,http://static.inaturalist.org/photos/10519/medium.jpg?1444278979,Coleoptera
267,http://static.inaturalist.org/photos/1207553/medium.?1413281944,Coleoptera
268,http://static.inaturalist.org/photos/1367424/medium.jpg?1416695469,Coleoptera
269,http://static.inaturalist.org/photos/10681/medium.jpg?1444936269,Coleoptera
270,http://static.inaturalist.org/photos/1203844/medium.?1413271007,Coleoptera
271,http://static.inaturalist.org/photos/1581535/medium.JPG?1425008199,Coleoptera
272,http://static.inaturalist.org/photos/1232406/medium.?1413339074,Coleoptera
273,http://static.inaturalist.org/photos/57623/medium.JPG,Coleoptera
274,http://static.inaturalist.org/photos/1205966/medium.?1413277103,Coleoptera
275,http://static.inaturalist.org/photos/2155591/medium.jpg?1444712136,Coleoptera
276,http://static.inaturalist.org/photos/1203987/medium.?1413271409,Coleoptera
277,http://static.inaturalist.org/photos/2044328/medium.jpg?1444454870,Coleoptera
278,http://static.inaturalist.org/photos/2030450/medium.jpg?1444442250,Coleoptera
279,http://static.inaturalist.org/photos/2000371/medium.jpg?1444420300,Diptera
280,http://static.inaturalist.org/photos/1409156/medium.jpg?1418077597,Diptera
281,http://static.inaturalist.org/photos/790098/medium.JPG?1397688350,Diptera
282,http://static.inaturalist.org/photos/3235095/medium.jpg?1459114959,Diptera
283,http://static.inaturalist.org/photos/2784538/medium.jpg?1450349606,Diptera
284,http://static.inaturalist.org/photos/2302390/medium.jpg?1440443439,Diptera
285,http://static.inaturalist.org/photos/2131965/medium.jpg?1444699192,Diptera
286,http://static.inaturalist.org/photos/47100/medium.JPG,Diptera
287,http://static.inaturalist.org/photos/265357/medium.jpg?1362452913,Diptera
288,http://static.inaturalist.org/photos/70105/medium.jpg?1444773418,Diptera
289,http://static.inaturalist.org/photos/265315/medium.jpg?1444679192,Diptera
290,http://static.inaturalist.org/photos/2044273/medium.jpg?1444454868,Diptera
291,http://static.inaturalist.org/photos/2131966/medium.jpg?1444699195,Diptera
292,http://static.inaturalist.org/photos/303651/medium.jpg?1444573502,Diptera
293,http://static.inaturalist.org/photos/2824073/medium.JPG?1451409128,Diptera
294,http://static.inaturalist.org/photos/43082/medium.jpg?1444344327,Diptera
295,http://static.inaturalist.org/photos/303646/medium.jpg?1444573494,Diptera
296,http://static.inaturalist.org/photos/3235018/medium.jpg?1459114604,Diptera
297,http://static.inaturalist.org/photos/1966078/medium.jpg?1433601940,Diptera
298,http://static.inaturalist.org/photos/97024/medium.jpg,Formicidae
299,http://static.inaturalist.org/photos/588227/medium.jpg?1385273571,Formicidae
300,http://static.inaturalist.org/photos/1496137/medium.jpg?1421720892,Formicidae
301,http://static.inaturalist.org/photos/1229933/medium.?1413330873,Formicidae
302,http://static.inaturalist.org/photos/1229934/medium.?1413331430,Formicidae
303,http://static.inaturalist.org/photos/1229406/medium.?1413330037,Formicidae
304,http://static.inaturalist.org/photos/548627/medium.jpg?1444299164,Formicidae
305,http://static.inaturalist.org/photos/592431/medium.jpg?1385652456,Formicidae
306,http://static.inaturalist.org/photos/601143/medium.jpg?1386229609,Formicidae
307,http://static.inaturalist.org/photos/800179/medium.JPG?1398105975,Formicidae
308,http://farm4.staticflickr.com/3809/10301981205_7a8bf015fc.jpg,Formicidae
309,http://static.inaturalist.org/photos/541053/medium.JPG?1381816772,Formicidae
310,http://static.inaturalist.org/photos/1189469/medium.jpg?1444529270,Formicidae
311,http://static.inaturalist.org/photos/1228308/medium.?1413328622,Formicidae
312,http://static.inaturalist.org/photos/537647/medium.JPG?1381621745,Formicidae
313,http://static.inaturalist.org/photos/536842/medium.jpg?1444289713,Formicidae
314,http://static.inaturalist.org/photos/528779/medium.jpg?1381045377,Formicidae
315,http://static.inaturalist.org/photos/760328/medium.jpg?1396373038,Formicidae
316,http://static.inaturalist.org/photos/530556/medium.jpg?1381151931,Formicidae
317,http://static.inaturalist.org/photos/2222321/medium.jpg?1438660792,Heteroptera
318,http://static.inaturalist.org/photos/2250015/medium.JPG?1439236127,Heteroptera
319,http://static.inaturalist.org/photos/2280452/medium.JPG?1439938003,Heteroptera
320,http://static.inaturalist.org/photos/2358591/medium.JPG?1441749405,Heteroptera
321,http://static.inaturalist.org/photos/2111325/medium.jpg?1444682873,Heteroptera
322,http://static.inaturalist.org/photos/2042826/medium.jpg?1444454343,Heteroptera
323,http://static.inaturalist.org/photos/2162131/medium.jpg?1444718017,Heteroptera
324,http://static.inaturalist.org/photos/1217817/medium.?1413304560,Heteroptera
325,http://static.inaturalist.org/photos/1184887/medium.jpg?1444495036,Heteroptera
326,http://static.inaturalist.org/photos/252961/medium.jpg?1444660480,Heteroptera
327,http://static.inaturalist.org/photos/1202195/medium.?1413267229,Heteroptera
328,http://static.inaturalist.org/photos/1202196/medium.?1413267234,Heteroptera
329,http://static.inaturalist.org/photos/270736/medium.jpg?1444698615,Heteroptera
330,http://static.inaturalist.org/photos/270737/medium.jpg?1444698620,Heteroptera
331,http://static.inaturalist.org/photos/1202122/medium.?1413267113,Heteroptera
332,http://static.inaturalist.org/photos/2731482/medium.jpg?1449115168,Heteroptera
333,http://static.inaturalist.org/photos/221001/medium.JPG?1355964886,Heteroptera
334,http://static.inaturalist.org/photos/2555880/medium.JPG?1445518163,Heteroptera
335,http://static.inaturalist.org/photos/1995659/medium.jpg?1444760312,Heteroptera
336,http://static.inaturalist.org/photos/2906109/medium.jpg?1453319751,Heteroptera
337,http://static.inaturalist.org/photos/127798/medium.jpg,Hymenoptera
338,http://static.inaturalist.org/photos/123758/medium.JPG,Hymenoptera
339,http://static.inaturalist.org/photos/1089865/medium.jpg?1409699158,Hymenoptera
340,http://static.inaturalist.org/photos/3218964/medium.jpg?1458887680,Hymenoptera
341,http://static.inaturalist.org/photos/206395/medium.jpg?1444455190,Hymenoptera
342,http://static.inaturalist.org/photos/122902/medium.jpg,Hymenoptera
343,http://static.inaturalist.org/photos/813703/medium.jpg?1398629171,Formicidae
344,http://static.inaturalist.org/photos/1318487/medium.jpg?1414938849,Hymenoptera
345,http://static.inaturalist.org/photos/2157697/medium.jpg?1444713823,Hymenoptera
346,http://static.inaturalist.org/photos/2157745/medium.jpg?1444713836,Hymenoptera
347,http://static.inaturalist.org/photos/2157752/medium.jpg?1444713839,Hymenoptera
348,http://static.inaturalist.org/photos/2821372/medium.jpg?1451333052,Hymenoptera
349,http://static.inaturalist.org/photos/244413/medium.jpg?1444594723,Hymenoptera
350,http://static.inaturalist.org/photos/124393/medium.jpg?1444523688,Hymenoptera
351,http://static.inaturalist.org/photos/121516/medium.jpg,Hymenoptera
352,http://static.inaturalist.org/photos/244445/medium.jpg?1444594818,Hymenoptera
353,http://static.inaturalist.org/photos/669121/medium.JPG?1391950649,Hymenoptera
354,http://static.inaturalist.org/photos/225051/medium.jpg?1444478610,Hymenoptera
355,http://static.inaturalist.org/photos/124391/medium.jpg?1444523680,Hymenoptera
356,http://static.inaturalist.org/photos/698342/medium.JPG?1393623154,"Lepidoptera Adult"
357,http://static.inaturalist.org/photos/698739/medium.JPG?1393640761,"Lepidoptera Adult"
358,http://static.inaturalist.org/photos/699015/medium.JPG?1393685566,"Lepidoptera Adult"
359,http://static.inaturalist.org/photos/699045/medium.JPG?1393689591,"Lepidoptera Adult"
360,http://static.inaturalist.org/photos/705805/medium.jpg?1444468815,"Lepidoptera Adult"
361,http://static.inaturalist.org/photos/735175/medium.JPG?1395453811,"Lepidoptera Adult"
362,http://static.inaturalist.org/photos/1111007/medium.jpg?1444358508,"Lepidoptera Adult"
363,http://static.inaturalist.org/photos/2509503/medium.JPG?1444544797,"Lepidoptera Adult"
364,http://static.inaturalist.org/photos/698166/medium.jpg?1393614332,"Lepidoptera Adult"
365,http://static.inaturalist.org/photos/698130/medium.jpg?1393612465,"Lepidoptera Adult"
366,http://static.inaturalist.org/photos/698309/medium.JPG?1393619411,"Lepidoptera Adult"
367,http://static.inaturalist.org/photos/698351/medium.JPG?1393623647,"Lepidoptera Adult"
368,http://static.inaturalist.org/photos/2532174/medium.jpg?1444992512,"Lepidoptera Adult"
369,http://static.inaturalist.org/photos/705419/medium.jpg?1393995136,"Lepidoptera Adult"
370,http://static.inaturalist.org/photos/734872/medium.JPG?1395447312,"Lepidoptera Adult"
371,http://static.inaturalist.org/photos/734874/medium.JPG?1395447554,"Lepidoptera Adult"
372,http://static.inaturalist.org/photos/734888/medium.JPG?1395447943,"Lepidoptera Adult"
373,http://static.inaturalist.org/photos/735064/medium.JPG?1395450779,"Lepidoptera Adult"
374,http://static.inaturalist.org/photos/735139/medium.JPG?1395451539,"Lepidoptera Adult"
375,http://static.inaturalist.org/photos/735142/medium.JPG?1395451847,"Lepidoptera Adult"
376,http://static.inaturalist.org/photos/3367776/medium.JPG?1460689388,"Lepidoptera larvae"
377,http://static.inaturalist.org/photos/3378672/medium.jpg?1460817775,"Lepidoptera larvae"
378,http://static.inaturalist.org/photos/2712164/medium.JPG?1448749544,"Lepidoptera larvae"
379,http://static.inaturalist.org/photos/2712978/medium.jpg?1448760477,"Lepidoptera larvae"
380,http://static.inaturalist.org/photos/2671671/medium.jpg?1447885302,"Lepidoptera larvae"
381,http://static.inaturalist.org/photos/2462900/medium.jpg?1443744789,"Lepidoptera larvae"
382,http://static.inaturalist.org/photos/2569833/medium.jpg?1445829588,"Lepidoptera larvae"
383,http://static.inaturalist.org/photos/2328254/medium.?1441025733,"Lepidoptera larvae"
384,http://static.inaturalist.org/photos/2309726/medium.?1440607094,"Lepidoptera larvae"
385,http://static.inaturalist.org/photos/3439860/medium.JPG?1461237297,"Lepidoptera larvae"
386,http://static.inaturalist.org/photos/3247706/medium.jpg?1459270743,"Lepidoptera larvae"
387,http://static.inaturalist.org/photos/2276020/medium.jpg?1439843157,"Lepidoptera larvae"
388,http://static.inaturalist.org/photos/2238298/medium.jpg?1438991187,"Lepidoptera larvae"
389,http://static.inaturalist.org/photos/2912759/medium.JPG?1453473626,"Lepidoptera larvae"
390,http://static.inaturalist.org/photos/3548156/medium.jpg?1462156599,"Lepidoptera larvae"
391,http://static.inaturalist.org/photos/3548042/medium.jpg?1462156211,"Lepidoptera larvae"
392,http://static.inaturalist.org/photos/3557880/medium.jpg?1462235893,"Lepidoptera larvae"
393,http://static.inaturalist.org/photos/3582310/medium.jpg?1462423733,"Lepidoptera larvae"
394,http://static.inaturalist.org/photos/1941168/medium.jpg?1433102391,"Lepidoptera larvae"
395,http://static.inaturalist.org/photos/3550683/medium.jpg?1462177210,Opiliones
396,http://static.inaturalist.org/photos/3487988/medium.JPG?1461605793,Opiliones
397,http://static.inaturalist.org/photos/3476040/medium.jpg?1461509343,Opiliones
398,http://static.inaturalist.org/photos/3405370/medium.jpg?1460995526,Opiliones
399,http://static.inaturalist.org/photos/3391778/medium.jpg?1460881394,Opiliones
400,http://static.inaturalist.org/photos/3409297/medium.jpeg?1461013415,Opiliones
401,http://static.inaturalist.org/photos/2900660/medium.jpg?1453175766,Opiliones
402,http://static.inaturalist.org/photos/3582501/medium.jpg?1462427669,Opiliones
403,http://static.inaturalist.org/photos/2843604/medium.jpg?1451874122,Opiliones
404,http://static.inaturalist.org/photos/2680357/medium.jpg?1448066635,Opiliones
405,http://static.inaturalist.org/photos/2631176/medium.jpg?1447080652,Opiliones
406,http://static.inaturalist.org/photos/2577180/medium.JPG?1445975404,Opiliones
407,http://static.inaturalist.org/photos/2555809/medium.jpg?1445513211,Opiliones
408,http://static.inaturalist.org/photos/2593464/medium.JPG?1446339613,Opiliones
409,http://static.inaturalist.org/photos/2412365/medium.jpg?1444671012,Opiliones
410,http://static.inaturalist.org/photos/2386211/medium.JPG?1442292931,Opiliones
411,http://static.inaturalist.org/photos/2360398/medium.JPG?1441794539,Opiliones
412,http://static.inaturalist.org/photos/2377660/medium.JPG?1442140422,Opiliones
413,http://static.inaturalist.org/photos/2287250/medium.JPG?1440105936,Opiliones
414,http://static.inaturalist.org/photos/2274506/medium.JPG?1439807951,Opiliones
415,http://static.inaturalist.org/photos/1970553/medium.jpg?1444442372,Orthoptera
416,http://static.inaturalist.org/photos/1260563/medium.JPG?1413410144,Orthoptera
417,http://static.inaturalist.org/photos/312567/medium.jpg?1444582456,Orthoptera
418,http://static.inaturalist.org/photos/1970481/medium.JPG?1433675918,Orthoptera
419,http://static.inaturalist.org/photos/1970485/medium.JPG?1433676202,Orthoptera
420,http://static.inaturalist.org/photos/1970487/medium.JPG?1433676271,Orthoptera
421,http://static.inaturalist.org/photos/1970489/medium.JPG?1433676447,Orthoptera
422,http://static.inaturalist.org/photos/1970490/medium.JPG?1433676504,Orthoptera
423,http://static.inaturalist.org/photos/1970493/medium.JPG?1433676552,Orthoptera
424,http://static.inaturalist.org/photos/34633/medium.jpg?1444321959,Orthoptera
425,http://static.inaturalist.org/photos/34682/medium.jpg?1444322100,Orthoptera
426,http://static.inaturalist.org/photos/64820/medium.JPG,Orthoptera
427,http://static.inaturalist.org/photos/253923/medium.jpg?1361061718,Orthoptera
428,http://static.inaturalist.org/photos/68963/medium.JPG,Orthoptera
429,http://static.inaturalist.org/photos/1219588/medium.?1413308745,Orthoptera
430,http://static.inaturalist.org/photos/2523578/medium.JPG?1444810268,Orthoptera
431,http://static.inaturalist.org/photos/715916/medium.JPG?1394506954,Orthoptera
432,http://static.inaturalist.org/photos/66137/medium.jpg?1444772687,Orthoptera
433,http://static.inaturalist.org/photos/1749304/medium.jpg?1429677502,Orthoptera
434,http://static.inaturalist.org/photos/63587/medium.jpg,Orthoptera
435,http://static.inaturalist.org/photos/1064466/medium.jpg?1408594361,Sternorrhyncha
436,http://static.inaturalist.org/photos/888482/medium.JPG?1401470968,Sternorrhyncha
437,http://static.inaturalist.org/photos/881117/medium.JPG?1401246520,Sternorrhyncha
438,http://static.inaturalist.org/photos/922583/medium.JPG?1402605923,Sternorrhyncha
439,http://static.inaturalist.org/photos/883284/medium.jpg?1444547570,Sternorrhyncha
440,http://static.inaturalist.org/photos/3440019/medium.jpg?1461238865,Sternorrhyncha
441,http://static.inaturalist.org/photos/3110597/medium.JPG?1457299271,Sternorrhyncha
442,http://static.inaturalist.org/photos/840907/medium.jpg?1444510742,Sternorrhyncha
443,http://static.inaturalist.org/photos/845823/medium.jpg?1399778769,Sternorrhyncha
444,http://static.inaturalist.org/photos/1243964/medium.?1413376244,Sternorrhyncha
445,http://static.inaturalist.org/photos/1971164/medium.JPG?1433694800,Sternorrhyncha
446,http://static.inaturalist.org/photos/1064466/medium.jpg?1408594361,Sternorrhyncha
447,http://static.inaturalist.org/photos/888482/medium.JPG?1401470968,Sternorrhyncha
448,http://static.inaturalist.org/photos/881117/medium.JPG?1401246520,Sternorrhyncha
449,http://static.inaturalist.org/photos/922583/medium.JPG?1402605923,Sternorrhyncha
450,http://static.inaturalist.org/photos/883284/medium.jpg?1444547570,Sternorrhyncha
451,http://static.inaturalist.org/photos/3440019/medium.jpg?1461238865,Sternorrhyncha
452,http://static.inaturalist.org/photos/3110597/medium.JPG?1457299271,Sternorrhyncha
453,http://static.inaturalist.org/photos/840907/medium.jpg?1444510742,Sternorrhyncha
454,http://static.inaturalist.org/photos/845823/medium.jpg?1399778769,Sternorrhyncha
